Wall time,Step,Value
1676051700.8432338,0,9.399999618530273
1676051703.696511,10000,9.0
1676051753.1137252,20000,135.8000030517578
1676051801.4178455,30000,199.89999389648438
1676051849.7067966,40000,142.39999389648438
1676051898.1569233,50000,177.0
1676051947.8378952,60000,185.3000030517578
1676051998.5521908,70000,393.3999938964844
1676052051.4728942,80000,500.0
1676052101.90926,90000,151.5
1676052153.2483664,100000,500.0
