Wall time,Step,Value
1674705457.6090915,0,10.0
1674705488.1226144,10000,214.0
1674705523.6973808,20000,328.5
1674705559.647832,30000,323.0
1674705596.5077198,40000,500.0
