Wall time,Step,Value
1674704396.952086,0,10.0
1674704440.1872299,10000,111.5
1674704490.6035748,20000,107.5
1674704541.8658135,30000,119.5
1674704594.0009801,40000,266.5
1674704645.6637783,50000,80.0
1674704699.2892811,60000,32.5
1674704756.9557087,70000,51.0
1674704815.4595625,80000,31.5
1674704872.9258556,90000,71.0
1674704931.8587294,100000,70.5
