Wall time,Step,Value
1674705609.0775728,0,9.0
1674705657.1400735,10000,92.0
1674705708.4209244,20000,112.5
1674705761.650049,30000,165.0
1674705814.757161,40000,169.5
1674705868.5548377,50000,500.0
