Wall time,Step,Value
1674704941.151073,0,10.0
1674704989.9145885,10000,146.0
1674705049.2568026,20000,500.0
