Wall time,Step,Value
1675967090.2098181,0,11.100000381469727
1675967093.4079924,10000,13.100000381469727
1675967134.0504234,20000,105.19999694824219
1675967176.5051522,30000,98.69999694824219
1675967214.878164,40000,73.19999694824219
1675967256.5971007,50000,301.70001220703125
1675967297.7777972,60000,272.0
1675967340.8078003,70000,451.3999938964844
1675967384.4884515,80000,500.0
1675967446.6173456,90000,500.0
1675967508.5904226,100000,500.0
