Wall time,Step,Value
1675967835.603986,0,9.5
1675967840.0203462,10000,9.5
1675967918.0500119,20000,125.0999984741211
1675968003.4973862,30000,125.19999694824219
1675968087.926517,40000,191.10000610351562
1675968173.0801468,50000,194.60000610351562
1675968261.1017833,60000,497.79998779296875
1675968343.2781339,70000,500.0
1675968424.7541966,80000,500.0
1675968493.555095,90000,500.0
1675968564.0535932,100000,500.0
