Wall time,Step,Value
1676051222.8524137,0,9.600000381469727
1676051226.1088855,10000,9.5
1676051275.3706124,20000,462.1000061035156
1676051323.9808052,30000,170.0
1676051373.8565774,40000,290.70001220703125
1676051423.3936496,50000,404.0
1676051472.2969973,60000,120.80000305175781
1676051522.5712645,70000,500.0
1676051572.7022958,80000,500.0
1676051622.6079113,90000,500.0
1676051673.7961922,100000,500.0
