Wall time,Step,Value
1676051224.2421901,0,9.199999809265137
1676051227.5972373,10000,9.5
1676051275.2585099,20000,162.89999389648438
1676051324.833607,30000,362.79998779296875
1676051373.7333918,40000,107.5999984741211
1676051422.280682,50000,236.8000030517578
1676051472.948814,60000,500.0
1676051523.0987432,70000,500.0
1676051573.1121745,80000,500.0
1676051622.9675405,90000,500.0
1676051673.9423242,100000,500.0
